Workbook

Sheet Assumptions
A1: A | B1: B | C1: C
A2: Interval length | B2: 0.5 | C2: hours
A3: Energy tariff | B3: 0.28 | C3: $/kWh
A4: Daily supply charge | B4: 1.2 | C4: $/day
A5: Demand charge | B5: 12 | C5: $kW/month
A6: Feed-in tariff | B6: 0.05 | C6: $/kWh
A7: Emissions factor | B7: 0.7 | C7: kg CO2/kWh
A8: Solar PV size | B8: 30 | C8: kW
A9: Solar system cost | B9: 1200 | C9: $/kW

Sheet Raw_Load_Data
A1: Date/Time | B1: Demand_kW | C1: Date | D1: Hour | E1: Day | F1: Interval_h | G1: Energy_kWh
A2: =DATE(2026,7,1)+TIME(0,0,0) -> 46204 | B2: 2.2 | C2: =INT(A2) -> 46204 | D2: =HOUR(A2)+MINUTE(A2)/60 -> 0 | E2: =TEXT(A2,"dddd") -> Wednesday | F2: =Assumptions!$B$2 -> 0.5 | G2: =B2*F2 -> 1.1
A3: =A2+TIME(0,30,0) -> 46204.021 | B3: 2.1 | C3: =INT(A3) -> 46204 | D3: =HOUR(A3)+MINUTE(A3)/60 -> 0.5 | E3: =TEXT(A3,"dddd") -> Wednesday | F3: =Assumptions!$B$2 -> 0.5 | G3: =B3*F3 -> 1.05
A4: =A3+TIME(0,30,0) -> 46204.042 | B4: 1.9 | C4: =INT(A4) -> 46204 | D4: =HOUR(A4)+MINUTE(A4)/60 -> 1 | E4: =TEXT(A4,"dddd") -> Wednesday | F4: =Assumptions!$B$2 -> 0.5 | G4: =B4*F4 -> 0.95
A5: =A4+TIME(0,30,0) -> 46204.063 | B5: 2.5 | C5: =INT(A5) -> 46204 | D5: =HOUR(A5)+MINUTE(A5)/60 -> 1.5 | E5: =TEXT(A5,"dddd") -> Wednesday | F5: =Assumptions!$B$2 -> 0.5 | G5: =B5*F5 -> 1.25
A6: =A5+TIME(0,30,0) -> 46204.083 | B6: 2.1 | C6: =INT(A6) -> 46204 | D6: =HOUR(A6)+MINUTE(A6)/60 -> 2 | E6: =TEXT(A6,"dddd") -> Wednesday | F6: =Assumptions!$B$2 -> 0.5 | G6: =B6*F6 -> 1.05
A7: =A6+TIME(0,30,0) -> 46204.104 | B7: 2.9 | C7: =INT(A7) -> 46204 | D7: =HOUR(A7)+MINUTE(A7)/60 -> 2.5 | E7: =TEXT(A7,"dddd") -> Wednesday | F7: =Assumptions!$B$2 -> 0.5 | G7: =B7*F7 -> 1.45
A8: =A7+TIME(0,30,0) -> 46204.125 | B8: 2.6 | C8: =INT(A8) -> 46204 | D8: =HOUR(A8)+MINUTE(A8)/60 -> 3 | E8: =TEXT(A8,"dddd") -> Wednesday | F8: =Assumptions!$B$2 -> 0.5 | G8: =B8*F8 -> 1.3
A9: =A8+TIME(0,30,0) -> 46204.146 | B9: 1.9 | C9: =INT(A9) -> 46204 | D9: =HOUR(A9)+MINUTE(A9)/60 -> 3.5 | E9: =TEXT(A9,"dddd") -> Wednesday | F9: =Assumptions!$B$2 -> 0.5 | G9: =B9*F9 -> 0.95
A10: =A9+TIME(0,30,0) -> 46204.167 | B10: 2.8 | C10: =INT(A10) -> 46204 | D10: =HOUR(A10)+MINUTE(A10)/60 -> 4 | E10: =TEXT(A10,"dddd") -> Wednesday | F10: =Assumptions!$B$2 -> 0.5 | G10: =B10*F10 -> 1.4
A11: =A10+TIME(0,30,0) -> 46204.188 | B11: 1.9 | C11: =INT(A11) -> 46204 | D11: =HOUR(A11)+MINUTE(A11)/60 -> 4.5 | E11: =TEXT(A11,"dddd") -> Wednesday | F11: =Assumptions!$B$2 -> 0.5 | G11: =B11*F11 -> 0.95
A12: =A11+TIME(0,30,0) -> 46204.208 | B12: 2.6 | C12: =INT(A12) -> 46204 | D12: =HOUR(A12)+MINUTE(A12)/60 -> 5 | E12: =TEXT(A12,"dddd") -> Wednesday | F12: =Assumptions!$B$2 -> 0.5 | G12: =B12*F12 -> 1.3
A13: =A12+TIME(0,30,0) -> 46204.229 | B13: 1.8 | C13: =INT(A13) -> 46204 | D13: =HOUR(A13)+MINUTE(A13)/60 -> 5.5 | E13: =TEXT(A13,"dddd") -> Wednesday | F13: =Assumptions!$B$2 -> 0.5 | G13: =B13*F13 -> 0.9
A14: =A13+TIME(0,30,0) -> 46204.25 | B14: 7.7 | C14: =INT(A14) -> 46204 | D14: =HOUR(A14)+MINUTE(A14)/60 -> 6 | E14: =TEXT(A14,"dddd") -> Wednesday | F14: =Assumptions!$B$2 -> 0.5 | G14: =B14*F14 -> 3.85
... A1441: =A1440+TIME(0,30,0) -> 46233.979 | B1441: 3.6 | C1441: =INT(A1441) -> 46233 | D1441: =HOUR(A1441)+MINUTE(A1441)/60 -> 23.5 | E1441: =TEXT(A1441,"dddd") -> Thursday | F1441: =Assumptions!$B$2 -> 0.5 | G1441: =B1441*F1441 -> 1.8

Sheet Daily Summary
A1: Date | B1: Daily_Energy_kWh | C1: Peak_Demand_kW | D1: Average_Demand_kW | E1: Min_Demand_kW | F1: Load_Factor | G1: Daily_Cost
A2: 46204 | B2: =SUMIFS(Raw_Load_Data!$G:$G,Raw_Load_Data!$C:$C,$A2) -> 276.3 | C2: =_xlfn.MAXIFS(Raw_Load_Data!$B:$B,Raw_Load_Data!C:$C,A2) -> 33.3 | D2: =AVERAGEIFS(Raw_Load_Data!$B:$B,Raw_Load_Data!$C:$C,$A2) -> 11.5125 | E2: =_xlfn.MINIFS(Raw_Load_Data!$B:$B,Raw_Load_Data!$C:$C,$A2) -> 1.8 | F2: =D2/C2 -> 0.34572072 | G2: =B2*Assumptions!$B$3+Assumptions!$B$4 -> 78.564
A3: 46205 | B3: =SUMIFS(Raw_Load_Data!$G:$G,Raw_Load_Data!$C:$C,$A3) -> 264.4 | C3: =_xlfn.MAXIFS(Raw_Load_Data!$B:$B,Raw_Load_Data!C:$C,A3) -> 31.5 | D3: =AVERAGEIFS(Raw_Load_Data!$B:$B,Raw_Load_Data!$C:$C,$A3) -> 11.016667 | E3: =_xlfn.MINIFS(Raw_Load_Data!$B:$B,Raw_Load_Data!$C:$C,$A3) -> 1.8 | F3: =D3/C3 -> 0.34973545 | G3: =B3*Assumptions!$B$3+Assumptions!$B$4 -> 75.232
A4: 46206 | B4: =SUMIFS(Raw_Load_Data!$G:$G,Raw_Load_Data!$C:$C,$A4) -> 271.6 | C4: =_xlfn.MAXIFS(Raw_Load_Data!$B:$B,Raw_Load_Data!C:$C,A4) -> 34.3 | D4: =AVERAGEIFS(Raw_Load_Data!$B:$B,Raw_Load_Data!$C:$C,$A4) -> 11.316667 | E4: =_xlfn.MINIFS(Raw_Load_Data!$B:$B,Raw_Load_Data!$C:$C,$A4) -> 1.8 | F4: =D4/C4 -> 0.32993197 | G4: =B4*Assumptions!$B$3+Assumptions!$B$4 -> 77.248
A5: 46207 | B5: =SUMIFS(Raw_Load_Data!$G:$G,Raw_Load_Data!$C:$C,$A5) -> 261.35 | C5: =_xlfn.MAXIFS(Raw_Load_Data!$B:$B,Raw_Load_Data!C:$C,A5) -> 31.7 | D5: =AVERAGEIFS(Raw_Load_Data!$B:$B,Raw_Load_Data!$C:$C,$A5) -> 10.889583 | E5: =_xlfn.MINIFS(Raw_Load_Data!$B:$B,Raw_Load_Data!$C:$C,$A5) -> 2 | F5: =D5/C5 -> 0.34351998 | G5: =B5*Assumptions!$B$3+Assumptions!$B$4 -> 74.378
A6: 46208 | B6: =SUMIFS(Raw_Load_Data!$G:$G,Raw_Load_Data!$C:$C,$A6) -> 271.3 | C6: =_xlfn.MAXIFS(Raw_Load_Data!$B:$B,Raw_Load_Data!C:$C,A6) -> 34.9 | D6: =AVERAGEIFS(Raw_Load_Data!$B:$B,Raw_Load_Data!$C:$C,$A6) -> 11.304167 | E6: =_xlfn.MINIFS(Raw_Load_Data!$B:$B,Raw_Load_Data!$C:$C,$A6) -> 1.8 | F6: =D6/C6 -> 0.32390162 | G6: =B6*Assumptions!$B$3+Assumptions!$B$4 -> 77.164
A7: 46209 | B7: =SUMIFS(Raw_Load_Data!$G:$G,Raw_Load_Data!$C:$C,$A7) -> 261.65 | C7: =_xlfn.MAXIFS(Raw_Load_Data!$B:$B,Raw_Load_Data!C:$C,A7) -> 34.7 | D7: =AVERAGEIFS(Raw_Load_Data!$B:$B,Raw_Load_Data!$C:$C,$A7) -> 10.902083 | E7: =_xlfn.MINIFS(Raw_Load_Data!$B:$B,Raw_Load_Data!$C:$C,$A7) -> 1.8 | F7: =D7/C7 -> 0.31418108 | G7: =B7*Assumptions!$B$3+Assumptions!$B$4 -> 74.462
A8: 46210 | B8: =SUMIFS(Raw_Load_Data!$G:$G,Raw_Load_Data!$C:$C,$A8) -> 269.6 | C8: =_xlfn.MAXIFS(Raw_Load_Data!$B:$B,Raw_Load_Data!C:$C,A8) -> 33.9 | D8: =AVERAGEIFS(Raw_Load_Data!$B:$B,Raw_Load_Data!$C:$C,$A8) -> 11.233333 | E8: =_xlfn.MINIFS(Raw_Load_Data!$B:$B,Raw_Load_Data!$C:$C,$A8) -> 1.8 | F8: =D8/C8 -> 0.33136676 | G8: =B8*Assumptions!$B$3+Assumptions!$B$4 -> 76.688
A9: 46211 | B9: =SUMIFS(Raw_Load_Data!$G:$G,Raw_Load_Data!$C:$C,$A9) -> 282.4 | C9: =_xlfn.MAXIFS(Raw_Load_Data!$B:$B,Raw_Load_Data!C:$C,A9) -> 34.1 | D9: =AVERAGEIFS(Raw_Load_Data!$B:$B,Raw_Load_Data!$C:$C,$A9) -> 11.766667 | E9: =_xlfn.MINIFS(Raw_Load_Data!$B:$B,Raw_Load_Data!$C:$C,$A9) -> 1.8 | F9: =D9/C9 -> 0.34506354 | G9: =B9*Assumptions!$B$3+Assumptions!$B$4 -> 80.272
A10: 46212 | B10: =SUMIFS(Raw_Load_Data!$G:$G,Raw_Load_Data!$C:$C,$A10) -> 284.55 | C10: =_xlfn.MAXIFS(Raw_Load_Data!$B:$B,Raw_Load_Data!C:$C,A10) -> 34.4 | D10: =AVERAGEIFS(Raw_Load_Data!$B:$B,Raw_Load_Data!$C:$C,$A10) -> 11.85625 | E10: =_xlfn.MINIFS(Raw_Load_Data!$B:$B,Raw_Load_Data!$C:$C,$A10) -> 1.9 | F10: =D10/C10 -> 0.34465843 | G10: =B10*Assumptions!$B$3+Assumptions!$B$4 -> 80.874
A11: 46213 | B11: =SUMIFS(Raw_Load_Data!$G:$G,Raw_Load_Data!$C:$C,$A11) -> 278.95 | C11: =_xlfn.MAXIFS(Raw_Load_Data!$B:$B,Raw_Load_Data!C:$C,A11) -> 34.1 | D11: =AVERAGEIFS(Raw_Load_Data!$B:$B,Raw_Load_Data!$C:$C,$A11) -> 11.622917 | E11: =_xlfn.MINIFS(Raw_Load_Data!$B:$B,Raw_Load_Data!$C:$C,$A11) -> 1.8 | F11: =D11/C11 -> 0.340848 | G11: =B11*Assumptions!$B$3+Assumptions!$B$4 -> 79.306
A12: 46214 | B12: =SUMIFS(Raw_Load_Data!$G:$G,Raw_Load_Data!$C:$C,$A12) -> 278.1 | C12: =_xlfn.MAXIFS(Raw_Load_Data!$B:$B,Raw_Load_Data!C:$C,A12) -> 34.1 | D12: =AVERAGEIFS(Raw_Load_Data!$B:$B,Raw_Load_Data!$C:$C,$A12) -> 11.5875 | E12: =_xlfn.MINIFS(Raw_Load_Data!$B:$B,Raw_Load_Data!$C:$C,$A12) -> 1.8 | F12: =D12/C12 -> 0.33980938 | G12: =B12*Assumptions!$B$3+Assumptions!$B$4 -> 79.068
A13: 46215 | B13: =SUMIFS(Raw_Load_Data!$G:$G,Raw_Load_Data!$C:$C,$A13) -> 266.75 | C13: =_xlfn.MAXIFS(Raw_Load_Data!$B:$B,Raw_Load_Data!C:$C,A13) -> 30.5 | D13: =AVERAGEIFS(Raw_Load_Data!$B:$B,Raw_Load_Data!$C:$C,$A13) -> 11.114583 | E13: =_xlfn.MINIFS(Raw_Load_Data!$B:$B,Raw_Load_Data!$C:$C,$A13) -> 1.8 | F13: =D13/C13 -> 0.36441257 | G13: =B13*Assumptions!$B$3+Assumptions!$B$4 -> 75.89
... A31: 46233 | B31: =SUMIFS(Raw_Load_Data!$G:$G,Raw_Load_Data!$C:$C,$A31) -> 264.8 | C31: =_xlfn.MAXIFS(Raw_Load_Data!$B:$B,Raw_Load_Data!C:$C,A31) -> 33.7 | D31: =AVERAGEIFS(Raw_Load_Data!$B:$B,Raw_Load_Data!$C:$C,$A31) -> 11.033333 | E31: =_xlfn.MINIFS(Raw_Load_Data!$B:$B,Raw_Load_Data!$C:$C,$A31) -> 1.8 | F31: =D31/C31 -> 0.32739862 | G31: =B31*Assumptions!$B$3+Assumptions!$B$4 -> 75.344

Sheet Summary_Calcs
A1: Metric | B1: Value | C1: Unit
A2: Total Energy used | B2: =SUM(Raw_Load_Data!G:G) -> 8130 | C2: kWh
A3: Maximum demand | B3: =MAX(Raw_Load_Data!B:B) -> 34.9 | C3: kW
A4: Average demand | B4: =AVERAGE(Raw_Load_Data!B:B) -> 11.291667 | C4: kW
A5: Minimum demand | B5: =MIN(Raw_Load_Data!B:B) -> 1.8 | C5: kW
A6: Load factor | B6: =B4/B3 -> 0.32354346 | C6: %
A7: Number of days | B7: 30 | C7: days
A8: Energy cost | B8: =B2*Assumptions!$B$3 -> 2276.4 | C8: $
A9: Demand cost | B9: =B3*Assumptions!$B$5 -> 418.8 | C9: $
A10: Supply charge | B10: =B7*Assumptions!$B$4 -> 36 | C10: $
A11: Total estimated bill | B11: =B8+B9+B10 -> 2731.2 | C11: $
A12: Estimated emissions | B12: =B2*Assumptions!$B$7 -> 5691 | C12: kg CO2
A13: Average overnight base load | B13: =AVERAGEIFS(Raw_Load_Data!$B:$B,Raw_Load_Data!$D:$D,">=0",Raw_Load_Data!$D:$D,"<6") -> 2.3872222 | C13: kW
A14: Monthly base load energy | B14: =B13*6*B7 -> 429.7 | C14: kWh
A15: Monthly base load cost | B15: =B14*Assumptions!$B$3 -> 120.316 | C15: $

Sheet Solar_Analysis
A1: Date/Time | B1: Building_Demand_Kw | C1: Solar_Generation_Kw | D1: Net_Grid_Demand_kW | E1: Solar_Self_Consumed_kWh | F1: Export_kWh | G1: Grid_Import_kWh | I1: Metric | J1: Value | K1: Unit | M1: Solar Energy Type | N1: kWh
A2: =Raw_Load_Data!A2 -> 46204 | B2: =Raw_Load_Data!B2 -> 2.2 | C2: =MAX(0,IF(AND(HOUR(A2)>=6,HOUR(A2)<=18),Assumptions!$B$8*SIN(PI()*(HOUR(A2)+MINUTE(A2)/60-6)/12),0)) -> 0 | D2: =B2-C2 -> 2.2 | E2: =MIN(B2,C2)*Assumptions!$B$2 -> 0 | F2: =MAX(C2-B2,0)*Assumptions!$B$2 -> 0 | G2: =MAX(B2-C2,0)*Assumptions!$B$2 -> 1.1 | I2: Total solar generation | J2: =SUM(C:C)*Assumptions!$B$2 -> 6865.6733 | K2: kWh | M2: Self-consumed | N2: =J3 -> 5581.3491
A3: =Raw_Load_Data!A3 -> 46204.021 | B3: =Raw_Load_Data!B3 -> 2.1 | C3: =MAX(0,IF(AND(HOUR(A3)>=6,HOUR(A3)<=18),Assumptions!$B$8*SIN(PI()*(HOUR(A3)+MINUTE(A3)/60-6)/12),0)) -> 0 | D3: =B3-C3 -> 2.1 | E3: =MIN(B3,C3)*Assumptions!$B$2 -> 0 | F3: =MAX(C3-B3,0)*Assumptions!$B$2 -> 0 | G3: =MAX(B3-C3,0)*Assumptions!$B$2 -> 1.05 | I3: Solar self-consumed | J3: =SUM(E:E) -> 5581.3491 | K3: kWh | M3: Exported | N3: =J4 -> 1284.3241
A4: =Raw_Load_Data!A4 -> 46204.042 | B4: =Raw_Load_Data!B4 -> 1.9 | C4: =MAX(0,IF(AND(HOUR(A4)>=6,HOUR(A4)<=18),Assumptions!$B$8*SIN(PI()*(HOUR(A4)+MINUTE(A4)/60-6)/12),0)) -> 0 | D4: =B4-C4 -> 1.9 | E4: =MIN(B4,C4)*Assumptions!$B$2 -> 0 | F4: =MAX(C4-B4,0)*Assumptions!$B$2 -> 0 | G4: =MAX(B4-C4,0)*Assumptions!$B$2 -> 0.95 | I4: Exported energy | J4: =SUM(F:F) -> 1284.3241 | K4: kWh
A5: =Raw_Load_Data!A5 -> 46204.063 | B5: =Raw_Load_Data!B5 -> 2.5 | C5: =MAX(0,IF(AND(HOUR(A5)>=6,HOUR(A5)<=18),Assumptions!$B$8*SIN(PI()*(HOUR(A5)+MINUTE(A5)/60-6)/12),0)) -> 0 | D5: =B5-C5 -> 2.5 | E5: =MIN(B5,C5)*Assumptions!$B$2 -> 0 | F5: =MAX(C5-B5,0)*Assumptions!$B$2 -> 0 | G5: =MAX(B5-C5,0)*Assumptions!$B$2 -> 1.25 | I5: Grid import after solar | J5: =SUM(G:G) -> 2548.6509 | K5: kWh | M5: Scenario | N5: Energy (kWh)
A6: =Raw_Load_Data!A6 -> 46204.083 | B6: =Raw_Load_Data!B6 -> 2.1 | C6: =MAX(0,IF(AND(HOUR(A6)>=6,HOUR(A6)<=18),Assumptions!$B$8*SIN(PI()*(HOUR(A6)+MINUTE(A6)/60-6)/12),0)) -> 0 | D6: =B6-C6 -> 2.1 | E6: =MIN(B6,C6)*Assumptions!$B$2 -> 0 | F6: =MAX(C6-B6,0)*Assumptions!$B$2 -> 0 | G6: =MAX(B6-C6,0)*Assumptions!$B$2 -> 1.05 | I6: Self-consumption ratio | J6: =J3/J2 -> 0.81293544 | K6: % | M6: Original Building Demand | N6: =Summary_Calcs!B2 -> 8130
A7: =Raw_Load_Data!A7 -> 46204.104 | B7: =Raw_Load_Data!B7 -> 2.9 | C7: =MAX(0,IF(AND(HOUR(A7)>=6,HOUR(A7)<=18),Assumptions!$B$8*SIN(PI()*(HOUR(A7)+MINUTE(A7)/60-6)/12),0)) -> 0 | D7: =B7-C7 -> 2.9 | E7: =MIN(B7,C7)*Assumptions!$B$2 -> 0 | F7: =MAX(C7-B7,0)*Assumptions!$B$2 -> 0 | G7: =MAX(B7-C7,0)*Assumptions!$B$2 -> 1.45 | I7: Solar savings | J7: =J3*Assumptions!$B$3 -> 1562.7778 | K7: $ | M7: Grid Import After Solar | N7: =J5 -> 2548.6509
A8: =Raw_Load_Data!A8 -> 46204.125 | B8: =Raw_Load_Data!B8 -> 2.6 | C8: =MAX(0,IF(AND(HOUR(A8)>=6,HOUR(A8)<=18),Assumptions!$B$8*SIN(PI()*(HOUR(A8)+MINUTE(A8)/60-6)/12),0)) -> 0 | D8: =B8-C8 -> 2.6 | E8: =MIN(B8,C8)*Assumptions!$B$2 -> 0 | F8: =MAX(C8-B8,0)*Assumptions!$B$2 -> 0 | G8: =MAX(B8-C8,0)*Assumptions!$B$2 -> 1.3 | I8: Export revenue | J8: =J4*Assumptions!$B$6 -> 64.216206 | K8: $
A9: =Raw_Load_Data!A9 -> 46204.146 | B9: =Raw_Load_Data!B9 -> 1.9 | C9: =MAX(0,IF(AND(HOUR(A9)>=6,HOUR(A9)<=18),Assumptions!$B$8*SIN(PI()*(HOUR(A9)+MINUTE(A9)/60-6)/12),0)) -> 0 | D9: =B9-C9 -> 1.9 | E9: =MIN(B9,C9)*Assumptions!$B$2 -> 0 | F9: =MAX(C9-B9,0)*Assumptions!$B$2 -> 0 | G9: =MAX(B9-C9,0)*Assumptions!$B$2 -> 0.95 | I9: New energy cost | J9: =J5*Assumptions!$B$3 -> 713.62224 | K9: $
A10: =Raw_Load_Data!A10 -> 46204.167 | B10: =Raw_Load_Data!B10 -> 2.8 | C10: =MAX(0,IF(AND(HOUR(A10)>=6,HOUR(A10)<=18),Assumptions!$B$8*SIN(PI()*(HOUR(A10)+MINUTE(A10)/60-6)/12),0)) -> 0 | D10: =B10-C10 -> 2.8 | E10: =MIN(B10,C10)*Assumptions!$B$2 -> 0 | F10: =MAX(C10-B10,0)*Assumptions!$B$2 -> 0 | G10: =MAX(B10-C10,0)*Assumptions!$B$2 -> 1.4 | I10: Total monthly solar benefit | J10: =J7+J8 -> 1626.994 | K10: $
A11: =Raw_Load_Data!A11 -> 46204.188 | B11: =Raw_Load_Data!B11 -> 1.9 | C11: =MAX(0,IF(AND(HOUR(A11)>=6,HOUR(A11)<=18),Assumptions!$B$8*SIN(PI()*(HOUR(A11)+MINUTE(A11)/60-6)/12),0)) -> 0 | D11: =B11-C11 -> 1.9 | E11: =MIN(B11,C11)*Assumptions!$B$2 -> 0 | F11: =MAX(C11-B11,0)*Assumptions!$B$2 -> 0 | G11: =MAX(B11-C11,0)*Assumptions!$B$2 -> 0.95 | I11: Solar system estimated cost | J11: =Assumptions!$B$8*Assumptions!$B$9 -> 36000 | K11: $
A12: =Raw_Load_Data!A12 -> 46204.208 | B12: =Raw_Load_Data!B12 -> 2.6 | C12: =MAX(0,IF(AND(HOUR(A12)>=6,HOUR(A12)<=18),Assumptions!$B$8*SIN(PI()*(HOUR(A12)+MINUTE(A12)/60-6)/12),0)) -> 0 | D12: =B12-C12 -> 2.6 | E12: =MIN(B12,C12)*Assumptions!$B$2 -> 0 | F12: =MAX(C12-B12,0)*Assumptions!$B$2 -> 0 | G12: =MAX(B12-C12,0)*Assumptions!$B$2 -> 1.3 | I12: Simple payback | J12: =J11/(J10*12) -> 1.8438913 | K12: years
A13: =Raw_Load_Data!A13 -> 46204.229 | B13: =Raw_Load_Data!B13 -> 1.8 | C13: =MAX(0,IF(AND(HOUR(A13)>=6,HOUR(A13)<=18),Assumptions!$B$8*SIN(PI()*(HOUR(A13)+MINUTE(A13)/60-6)/12),0)) -> 0 | D13: =B13-C13 -> 1.8 | E13: =MIN(B13,C13)*Assumptions!$B$2 -> 0 | F13: =MAX(C13-B13,0)*Assumptions!$B$2 -> 0 | G13: =MAX(B13-C13,0)*Assumptions!$B$2 -> 0.9
A14: =Raw_Load_Data!A14 -> 46204.25 | B14: =Raw_Load_Data!B14 -> 7.7 | C14: =MAX(0,IF(AND(HOUR(A14)>=6,HOUR(A14)<=18),Assumptions!$B$8*SIN(PI()*(HOUR(A14)+MINUTE(A14)/60-6)/12),0)) -> 0 | D14: =B14-C14 -> 7.7 | E14: =MIN(B14,C14)*Assumptions!$B$2 -> 0 | F14: =MAX(C14-B14,0)*Assumptions!$B$2 -> 0 | G14: =MAX(B14-C14,0)*Assumptions!$B$2 -> 3.85
A15: =Raw_Load_Data!A15 -> 46204.271 | B15: =Raw_Load_Data!B15 -> 6 | C15: =MAX(0,IF(AND(HOUR(A15)>=6,HOUR(A15)<=18),Assumptions!$B$8*SIN(PI()*(HOUR(A15)+MINUTE(A15)/60-6)/12),0)) -> 3.9157858 | D15: =B15-C15 -> 2.0842142 | E15: =MIN(B15,C15)*Assumptions!$B$2 -> 1.9578929 | F15: =MAX(C15-B15,0)*Assumptions!$B$2 -> 0 | G15: =MAX(B15-C15,0)*Assumptions!$B$2 -> 1.0421071
A16: =Raw_Load_Data!A16 -> 46204.292 | B16: =Raw_Load_Data!B16 -> 6.5 | C16: =MAX(0,IF(AND(HOUR(A16)>=6,HOUR(A16)<=18),Assumptions!$B$8*SIN(PI()*(HOUR(A16)+MINUTE(A16)/60-6)/12),0)) -> 7.7645714 | D16: =B16-C16 -> -1.2645714 | E16: =MIN(B16,C16)*Assumptions!$B$2 -> 3.25 | F16: =MAX(C16-B16,0)*Assumptions!$B$2 -> 0.63228568 | G16: =MAX(B16-C16,0)*Assumptions!$B$2 -> 0
A17: =Raw_Load_Data!A17 -> 46204.313 | B17: =Raw_Load_Data!B17 -> 4.2 | C17: =MAX(0,IF(AND(HOUR(A17)>=6,HOUR(A17)<=18),Assumptions!$B$8*SIN(PI()*(HOUR(A17)+MINUTE(A17)/60-6)/12),0)) -> 11.480503 | D17: =B17-C17 -> -7.280503 | E17: =MIN(B17,C17)*Assumptions!$B$2 -> 2.1 | F17: =MAX(C17-B17,0)*Assumptions!$B$2 -> 3.6402515 | G17: =MAX(B17-C17,0)*Assumptions!$B$2 -> 0
A18: =Raw_Load_Data!A18 -> 46204.333 | B18: =Raw_Load_Data!B18 -> 13.5 | C18: =MAX(0,IF(AND(HOUR(A18)>=6,HOUR(A18)<=18),Assumptions!$B$8*SIN(PI()*(HOUR(A18)+MINUTE(A18)/60-6)/12),0)) -> 15 | D18: =B18-C18 -> -1.5 | E18: =MIN(B18,C18)*Assumptions!$B$2 -> 6.75 | F18: =MAX(C18-B18,0)*Assumptions!$B$2 -> 0.75 | G18: =MAX(B18-C18,0)*Assumptions!$B$2 -> 0
A19: =Raw_Load_Data!A19 -> 46204.354 | B19: =Raw_Load_Data!B19 -> 13 | C19: =MAX(0,IF(AND(HOUR(A19)>=6,HOUR(A19)<=18),Assumptions!$B$8*SIN(PI()*(HOUR(A19)+MINUTE(A19)/60-6)/12),0)) -> 18.262843 | D19: =B19-C19 -> -5.2628429 | E19: =MIN(B19,C19)*Assumptions!$B$2 -> 6.5 | F19: =MAX(C19-B19,0)*Assumptions!$B$2 -> 2.6314214 | G19: =MAX(B19-C19,0)*Assumptions!$B$2 -> 0
A20: =Raw_Load_Data!A20 -> 46204.375 | B20: =Raw_Load_Data!B20 -> 21 | C20: =MAX(0,IF(AND(HOUR(A20)>=6,HOUR(A20)<=18),Assumptions!$B$8*SIN(PI()*(HOUR(A20)+MINUTE(A20)/60-6)/12),0)) -> 21.213203 | D20: =B20-C20 -> -0.21320344 | E20: =MIN(B20,C20)*Assumptions!$B$2 -> 10.5 | F20: =MAX(C20-B20,0)*Assumptions!$B$2 -> 0.10660172 | G20: =MAX(B20-C20,0)*Assumptions!$B$2 -> 0
A21: =Raw_Load_Data!A21 -> 46204.396 | B21: =Raw_Load_Data!B21 -> 14.8 | C21: =MAX(0,IF(AND(HOUR(A21)>=6,HOUR(A21)<=18),Assumptions!$B$8*SIN(PI()*(HOUR(A21)+MINUTE(A21)/60-6)/12),0)) -> 23.8006 | D21: =B21-C21 -> -9.0006002 | E21: =MIN(B21,C21)*Assumptions!$B$2 -> 7.4 | F21: =MAX(C21-B21,0)*Assumptions!$B$2 -> 4.5003001 | G21: =MAX(B21-C21,0)*Assumptions!$B$2 -> 0
A22: =Raw_Load_Data!A22 -> 46204.417 | B22: =Raw_Load_Data!B22 -> 14.2 | C22: =MAX(0,IF(AND(HOUR(A22)>=6,HOUR(A22)<=18),Assumptions!$B$8*SIN(PI()*(HOUR(A22)+MINUTE(A22)/60-6)/12),0)) -> 25.980762 | D22: =B22-C22 -> -11.780762 | E22: =MIN(B22,C22)*Assumptions!$B$2 -> 7.1 | F22: =MAX(C22-B22,0)*Assumptions!$B$2 -> 5.8903811 | G22: =MAX(B22-C22,0)*Assumptions!$B$2 -> 0
A23: =Raw_Load_Data!A23 -> 46204.438 | B23: =Raw_Load_Data!B23 -> 13.5 | C23: =MAX(0,IF(AND(HOUR(A23)>=6,HOUR(A23)<=18),Assumptions!$B$8*SIN(PI()*(HOUR(A23)+MINUTE(A23)/60-6)/12),0)) -> 27.716386 | D23: =B23-C23 -> -14.216386 | E23: =MIN(B23,C23)*Assumptions!$B$2 -> 6.75 | F23: =MAX(C23-B23,0)*Assumptions!$B$2 -> 7.108193 | G23: =MAX(B23-C23,0)*Assumptions!$B$2 -> 0
A24: =Raw_Load_Data!A24 -> 46204.458 | B24: =Raw_Load_Data!B24 -> 21.9 | C24: =MAX(0,IF(AND(HOUR(A24)>=6,HOUR(A24)<=18),Assumptions!$B$8*SIN(PI()*(HOUR(A24)+MINUTE(A24)/60-6)/12),0)) -> 28.977775 | D24: =B24-C24 -> -7.0777748 | E24: =MIN(B24,C24)*Assumptions!$B$2 -> 10.95 | F24: =MAX(C24-B24,0)*Assumptions!$B$2 -> 3.5388874 | G24: =MAX(B24-C24,0)*Assumptions!$B$2 -> 0
... A1441: =Raw_Load_Data!A1441 -> 46233.979 | B1441: =Raw_Load_Data!B1441 -> 3.6 | C1441: =MAX(0,IF(AND(HOUR(A1441)>=6,HOUR(A1441)<=18),Assumptions!$B$8*SIN(PI()*(HOUR(A1441)+MINUTE(A1441)/60-6)/12),0)) -> 0 | D1441: =B1441-C1441 -> 3.6 | E1441: =MIN(B1441,C1441)*Assumptions!$B$2 -> 0 | F1441: =MAX(C1441-B1441,0)*Assumptions!$B$2 -> 0 | G1441: =MAX(B1441-C1441,0)*Assumptions!$B$2 -> 1.8

Sheet Dashboard
A1: Small Commercial Building Energy Analysis Dashboard
A2: Made by Rohan Ramjutton
A3: 30-day load profile analysis with a 30 kW rooftop solar PV scenario
A5: This dashboard shows how much electricity a small commercial building uses over a 30-day (monthly) period. The original building demand was compared with a simulated 30 kW rooftop solar system.
A6: In this project, the results obtained show that the solar generation can significantly reduce the amount of electricity imported from the grid during daytime hours. Most of the solar energy is found to have
A7: been directly used by the building, while excess solar is exported back to the grid when generation is higher than demand.
A8: **Project assumptions have been listed at the bottom of this dashboard**
A9: How to read these results:
A10: 1) kW measures power at a specific moment in time, similar to how fast electricity is being used.
A11: 2) kWh measures total energy used over time, this is what electricity bills are mainly based on.
A12: 3) Grid import means electricity brought in from the grid.
A13: 4) Solar self-consumed means solar energy used directly by the building.
A14: 5) Exported solar means extra solar energy sent back to the grid.
A16: Key Metrics: | B16: Value | C16: Unit | E16: Solar Scenario | F16: Value | G16: Unit
A17: Total Energy Used | B17: =Summary_Calcs!B2 -> 8130 | C17: kWh | E17: Solar PV Size | F17: =Assumptions!B8 -> 30 | G17: kW
A18: Peak Demand | B18: =Summary_Calcs!B3 -> 34.9 | C18: kW | E18: Grid Import After Solar | F18: =Solar_Analysis!J5 -> 2548.6509 | G18: kWh
A19: Estimated Bill before Solar | B19: =Summary_Calcs!B11 -> 2731.2 | C19: $ | E19: Solar Self-Consumption | F19: =Solar_Analysis!J6*100 -> 81.293544 | G19: %
A20: Estimated Emissions | B20: =Summary_Calcs!B12 -> 5691 | C20: kg CO2 | E20: Monthly Solar Benefit | F20: =Solar_Analysis!J10 -> 1626.994 | G20: $
A21: Overnight Base Load | B21: =Summary_Calcs!B13 -> 2.3872222 | C21: kW | E21: Simple Payback | F21: =Solar_Analysis!J12 -> 1.8438913 | G21: years
A23: Figure 1: | E23: Figure 2:
A43: Figure 1 shows how much electricity the building used each day during the 30-day period. Higher bars | E43: Figure 2 shows the higher power demand reached each day for 30 days. This is important as commercial sites
A44: indicate days with greater total energy use. | E44: may be charged based on peak demand (the amount of energy used during the peak hour)
A47: Figure 3:
A67: Figure 3 compares the building's electricity demand with the simulated solar generation profile. Solar generation rises during the day and falls to zero overnight as expected.
A71: Figure 4: | H71: Figure 5:
A90: This figure 4 shows that the 30 kW solar scenario reduces grid electricity import from 8130 kWh to approximately 2549 kWh. | H90: Figure 5 shows how much generated solar energy was used directly by the building compared with how much was exported back to
H91: the grid.
A94: Key Insights:
A95: 1) The building used 8130 kWh over the 30-day period, with demand mainly increasing during business hours (midday).
A96: 2) The 30 kW rooftop solar scenario reduced estimated grid import from 8130 kWh to approximatelly 2549 kWh, showing strong allignment between solar generation and daytime building demand.
A97: 3) Around 81.29% of generated solar energy was used directly by the building, while the remaining solar energy was exported to the grid.
A98: 4) The estimated monthly solar benefit was approximately $1627, giving a simple payback of around 1.84 years under the assumed costs and tariffs.
A99: 5) The overnight base load of 2.39 kW suggests some equipment remains active outside operating hours, as expected for a commercial business.
A103: Project Assumptions:
A104: 1) The load data is simulated for a small commercial building over a 30-day period.
A105: 2) Electricity demand is recorded in 30-minute intervals.
A106: 3) Energy is calculated using: Energy (kWh) = Demand (kW) * 0.5 hours
A107: 4) A 30 Kw rooftop solar PV system is modelled using a simplified daytime generation curve.
A108: 5) Solar generation is assumed to peak around midday and fall to 0 overnight.
... A110: 7) The analysis does not include detailed electrical design, weather variation, panel orientation, grid connection approval or roof structural assessment.
